Ast,Blk,DR,DayNum,FGA,FGA3,FGM,FGM3,FTA,FTM,OR,PF,Score,Season,Stl,TO,TeamID,Win%
12.53,5.47,26.26,73.74,55.21,19.68,25.29,6.38,22.88,15.38,10.03,19.0,72.35,2018.0,6.41,14.15,1104.0,0.56
13.03,3.79,22.94,74.62,53.88,18.65,24.35,5.91,23.47,16.21,11.5,17.18,70.82,2018.0,5.91,13.74,1272.0,0.62
12.52,2.94,25.26,65.68,56.9,15.52,25.87,5.71,21.03,15.87,11.61,16.26,73.32,2018.0,4.71,11.74,1107.0,0.68
15.94,3.06,25.3,71.15,61.12,24.91,28.24,9.67,18.55,13.7,8.52,17.3,79.85,2018.0,6.79,11.67,1233.0,0.61
15.24,4.56,26.62,72.03,57.03,18.35,28.82,6.91,21.47,16.32,10.03,17.5,80.88,2018.0,4.97,12.29,1112.0,0.79
9.53,3.2,23.3,71.03,54.33,18.23,21.63,5.57,23.13,16.2,9.87,19.9,65.03,2018.0,5.53,15.6,1319.0,0.13
14.16,3.58,25.32,69.9,60.26,24.55,27.97,8.94,25.26,18.65,9.9,18.94,83.52,2018.0,6.58,10.71,1113.0,0.65
11.79,2.32,24.64,74.96,54.71,21.32,25.89,8.39,18.89,12.89,6.32,17.68,73.07,2018.0,5.68,13.0,1226.0,0.43
14.47,4.62,24.59,74.32,60.68,19.44,28.97,7.79,22.65,15.35,10.18,20.21,81.09,2018.0,6.24,11.0,1116.0,0.68
16.1,2.4,21.63,67.8,57.5,24.57,26.7,9.13,17.7,13.67,8.2,16.83,76.2,2018.0,6.93,13.6,1359.0,0.27
14.44,5.41,26.03,70.97,61.78,26.62,27.12,9.75,24.66,19.38,12.12,19.88,83.38,2018.0,7.44,12.25,1120.0,0.78
13.47,3.2,25.57,73.77,59.63,20.8,25.6,7.7,18.67,12.43,11.8,21.43,71.33,2018.0,6.03,15.17,1313.0,0.43
14.32,4.32,26.16,71.13,58.71,17.58,27.13,6.16,19.0,14.06,11.81,18.23,74.48,2018.0,5.55,13.52,1124.0,0.55
15.97,4.97,25.88,70.22,61.16,23.06,27.59,8.38,22.69,16.72,9.97,19.94,80.28,2018.0,6.59,13.91,1146.0,0.5
11.31,4.07,24.83,65.07,56.41,21.28,24.31,7.41,16.9,10.76,9.14,17.28,66.79,2018.0,5.21,12.34,1127.0,0.31
12.45,2.79,24.38,73.69,60.79,15.24,25.41,4.97,23.76,17.28,13.34,20.07,73.07,2018.0,7.24,13.62,1288.0,0.38
14.26,3.18,26.56,71.41,60.0,23.88,27.15,8.65,18.74,13.85,10.56,16.29,76.79,2018.0,5.03,12.71,1130.0,0.56
11.3,2.97,25.27,67.27,58.23,22.77,23.43,6.73,17.0,11.77,9.5,19.7,65.37,2018.0,6.23,15.77,1263.0,0.13
12.77,2.63,26.53,70.97,61.0,21.3,25.2,7.3,22.3,16.4,11.57,17.87,74.1,2018.0,5.7,12.8,1132.0,0.47
11.34,4.16,25.06,69.5,60.47,21.09,26.56,6.78,19.22,13.81,11.25,17.53,73.72,2018.0,5.28,12.28,1180.0,0.38
14.0,2.94,24.79,68.52,61.85,23.0,29.21,8.18,16.24,12.52,9.21,18.24,79.12,2018.0,6.73,11.18,1139.0,0.61
14.39,3.04,22.0,66.5,58.43,14.14,26.18,5.21,20.39,14.11,10.14,18.32,71.68,2018.0,7.07,13.79,1244.0,0.29
15.97,5.53,25.85,73.29,58.0,20.44,26.26,7.29,21.32,14.65,13.06,15.82,74.47,2018.0,7.29,11.47,1153.0,0.88
15.5,2.7,24.5,68.97,72.73,40.3,28.87,12.17,21.33,14.83,12.63,19.2,84.73,2018.0,9.1,14.07,1366.0,0.43
13.19,4.84,26.5,71.16,55.81,22.69,25.28,8.31,19.03,14.41,8.97,16.0,73.28,2018.0,5.69,12.09,1155.0,0.72
12.83,2.83,22.4,69.43,57.67,21.53,23.47,7.1,18.33,12.83,10.9,18.03,66.87,2018.0,7.67,15.33,1441.0,0.37
11.06,3.68,24.45,73.42,56.16,20.84,25.87,7.58,20.68,15.87,8.35,16.65,75.19,2018.0,5.35,9.87,1158.0,0.77
11.09,3.25,24.75,67.0,55.94,18.75,23.5,6.88,20.38,13.81,11.06,20.03,67.69,2018.0,4.78,15.09,1373.0,0.25
12.78,3.81,27.38,69.78,57.47,21.0,25.31,7.53,19.12,13.94,10.12,19.41,72.09,2018.0,4.38,14.09,1160.0,0.53
11.48,3.58,27.39,74.87,60.97,23.9,28.26,8.39,20.23,14.13,9.68,19.74,79.03,2018.0,4.74,12.55,1294.0,0.61
12.61,3.1,25.77,66.68,60.23,21.23,25.1,7.0,20.35,14.65,11.61,19.61,71.84,2018.0,5.87,13.55,1161.0,0.32
12.7,3.37,23.4,72.3,56.5,18.13,24.57,6.27,15.73,10.8,8.37,18.13,66.2,2018.0,5.27,12.0,1170.0,0.17
10.44,3.72,23.84,70.75,57.25,20.59,23.81,6.72,18.53,13.81,10.5,18.5,68.16,2018.0,5.94,12.59,1163.0,0.44
12.71,3.26,23.19,72.45,56.97,25.94,24.84,9.42,16.45,12.61,8.87,16.39,71.71,2018.0,6.13,11.0,1159.0,0.58
17.84,2.45,28.71,68.0,61.58,27.52,30.55,10.35,16.71,12.52,7.19,15.32,83.97,2018.0,5.48,11.35,1166.0,0.65
15.87,2.9,24.8,68.57,57.47,24.4,26.27,8.03,17.83,12.93,8.67,17.8,73.5,2018.0,6.5,13.3,1463.0,0.5
16.84,1.97,25.91,76.69,56.66,27.31,27.34,10.69,13.88,11.06,6.91,15.03,76.44,2018.0,4.78,9.56,1172.0,0.66
11.14,3.32,22.61,74.11,56.89,20.39,24.54,6.64,17.79,13.04,10.68,16.75,68.75,2018.0,6.64,13.21,1149.0,0.43
15.74,2.52,23.48,70.23,53.9,23.74,25.94,8.0,17.13,12.52,7.74,16.48,72.39,2018.0,5.23,13.74,1173.0,0.45
14.19,3.42,27.74,71.1,59.55,22.71,26.74,7.71,19.77,13.94,10.1,17.39,75.13,2018.0,5.26,13.23,1123.0,0.58
11.23,2.23,25.16,71.13,56.48,17.84,25.45,5.87,19.42,12.81,9.1,16.71,69.58,2018.0,4.71,10.58,1174.0,0.39
15.19,2.41,22.53,71.5,57.19,20.75,26.34,6.94,17.0,12.16,7.84,16.19,71.78,2018.0,7.62,11.66,1350.0,0.38
17.52,5.36,28.33,69.55,61.94,21.97,30.55,8.3,21.61,15.3,13.55,15.64,84.7,2018.0,7.52,12.61,1181.0,0.79
15.73,2.03,27.03,69.03,59.4,29.77,25.9,10.33,14.27,10.07,7.73,15.77,72.2,2018.0,4.17,11.67,1189.0,0.4
12.62,3.45,22.48,66.93,56.41,20.52,24.52,7.21,18.83,13.9,9.31,17.59,70.14,2018.0,6.38,13.28,1184.0,0.31
12.24,2.1,25.83,69.1,56.52,26.66,22.86,8.55,19.86,13.07,10.34,16.66,67.34,2018.0,5.28,14.59,1349.0,0.17
12.53,2.83,25.0,66.77,51.37,14.03,22.23,5.6,17.67,13.83,7.47,18.3,63.9,2018.0,6.1,13.8,1191.0,0.5
10.37,2.73,22.1,69.67,59.43,21.77,25.7,7.23,19.73,14.03,11.2,18.53,72.67,2018.0,6.5,13.2,1117.0,0.3
13.33,4.94,23.33,70.97,56.39,17.0,25.21,5.45,16.27,11.55,10.61,14.73,67.42,2018.0,5.73,12.76,1203.0,0.45
12.1,2.55,23.68,67.87,60.65,23.32,25.55,8.13,20.94,14.71,11.19,20.58,73.94,2018.0,5.16,13.13,1224.0,0.26
9.61,3.52,25.1,72.71,59.68,23.32,25.42,7.84,22.81,15.1,11.71,19.32,73.77,2018.0,6.52,11.29,1204.0,0.61
13.94,3.52,24.87,68.32,58.9,20.77,25.84,7.77,18.81,13.87,10.87,19.48,73.32,2018.0,5.84,13.13,1448.0,0.35
11.45,2.91,26.79,70.48,59.06,21.36,25.48,6.97,18.76,13.91,9.97,16.39,71.85,2018.0,6.06,12.88,1206.0,0.48
12.47,3.2,26.23,70.47,54.97,22.73,25.07,8.5,15.83,12.2,6.7,16.53,70.83,2018.0,4.17,13.3,1248.0,0.3
12.18,4.73,27.12,75.39,55.3,19.15,23.24,6.09,22.18,15.52,12.3,16.15,68.09,2018.0,3.82,12.73,1208.0,0.55
13.45,1.39,22.19,64.13,60.68,24.35,24.87,8.35,16.84,11.87,10.06,19.39,69.97,2018.0,6.13,12.94,1136.0,0.1
15.74,3.71,28.85,69.68,61.32,24.29,30.85,9.09,18.97,13.71,11.06,17.06,84.5,2018.0,6.44,11.29,1211.0,0.88
12.26,3.94,25.88,73.47,58.5,21.53,25.82,7.82,25.29,18.18,10.29,17.74,77.65,2018.0,5.59,12.62,1411.0,0.44
15.41,3.81,26.94,71.16,58.72,22.94,24.78,7.31,23.25,16.34,12.09,20.5,73.22,2018.0,6.25,13.44,1213.0,0.66
10.88,3.15,21.88,67.79,58.21,18.03,24.33,6.33,18.67,13.67,10.15,18.12,68.67,2018.0,5.61,13.82,1197.0,0.24
12.84,3.87,25.0,69.26,55.32,23.68,25.1,8.06,17.39,11.87,8.29,18.32,70.13,2018.0,6.03,12.26,1216.0,0.58
12.41,3.34,25.28,65.78,54.38,18.78,24.62,6.19,17.75,12.41,10.03,17.16,67.84,2018.0,5.03,14.78,1148.0,0.44
14.0,2.0,24.29,74.07,53.93,20.36,23.68,6.61,21.96,15.14,8.68,19.75,69.11,2018.0,5.39,13.57,1218.0,0.54
12.2,4.11,21.4,71.14,53.23,18.86,23.29,6.2,19.46,13.14,7.97,19.54,65.91,2018.0,7.86,14.2,1115.0,0.4
11.0,2.52,23.3,72.26,55.22,15.48,24.44,5.56,18.81,13.22,10.48,18.63,67.67,2018.0,6.56,12.67,1219.0,0.41
16.93,3.72,25.48,72.66,56.83,24.62,28.62,10.38,18.97,15.38,6.41,17.28,83.0,2018.0,5.34,12.38,1456.0,0.59
13.13,2.6,24.47,68.2,59.87,22.23,27.7,8.3,21.87,14.87,10.8,18.7,78.57,2018.0,4.83,10.97,1220.0,0.6
16.52,2.69,25.07,69.59,61.17,25.45,27.14,9.69,14.97,9.76,10.0,19.93,73.72,2018.0,5.62,13.45,1119.0,0.41
13.58,3.39,22.65,70.03,50.61,20.1,23.35,6.55,15.0,10.35,5.74,17.32,63.61,2018.0,6.23,12.29,1221.0,0.39
12.8,2.3,27.93,65.33,58.17,19.17,25.37,5.73,17.47,11.7,11.73,18.47,68.17,2018.0,4.57,15.0,1357.0,0.3
14.91,3.12,26.73,74.18,59.18,22.33,27.58,8.64,19.03,13.64,11.85,21.03,77.42,2018.0,6.42,12.15,1222.0,0.79
10.48,4.48,26.36,74.64,60.12,20.12,25.88,6.96,19.68,13.72,10.96,17.84,72.44,2018.0,4.76,13.76,1270.0,0.32
12.8,6.83,27.53,68.87,58.73,19.47,26.33,6.73,21.2,15.37,10.43,19.53,74.77,2018.0,6.87,15.4,1227.0,0.5
14.84,3.42,25.48,75.39,56.9,17.97,26.16,5.97,17.74,12.1,11.13,19.48,70.39,2018.0,4.68,14.16,1300.0,0.52
13.65,2.16,20.48,67.03,60.68,21.97,26.58,7.29,20.06,14.71,12.35,22.55,75.16,2018.0,7.32,13.39,1228.0,0.42
10.77,3.71,25.65,72.03,57.55,15.65,22.9,5.19,23.87,16.39,12.65,19.0,67.39,2018.0,5.42,13.48,1380.0,0.42
11.66,3.34,25.86,69.07,58.52,24.45,24.59,8.76,19.93,14.28,10.28,20.0,72.21,2018.0,7.48,14.48,1232.0,0.38
14.03,4.32,24.32,65.48,57.0,19.42,26.0,6.26,20.77,13.65,11.13,18.13,71.9,2018.0,6.42,12.45,1231.0,0.52
18.24,4.06,26.27,66.12,59.85,20.36,28.67,7.64,21.18,14.73,11.85,16.7,79.7,2018.0,5.21,13.36,1234.0,0.42
10.6,2.33,21.7,65.03,58.07,17.2,23.2,5.4,18.37,13.43,9.53,21.63,65.23,2018.0,6.67,15.23,1152.0,0.03
17.0,4.18,25.65,74.03,60.53,25.21,30.12,10.15,15.88,11.12,9.56,15.29,81.5,2018.0,6.62,11.68,1242.0,0.79
10.68,2.54,23.36,71.68,51.82,21.46,21.89,7.29,19.61,14.57,8.36,18.89,65.64,2018.0,7.14,14.82,1398.0,0.46
14.33,3.0,22.39,71.64,54.88,20.18,25.88,6.94,18.39,13.67,8.18,18.39,72.36,2018.0,7.79,11.45,1243.0,0.67
12.23,3.27,20.9,67.97,53.83,23.63,23.27,7.97,16.37,10.87,8.07,18.37,65.37,2018.0,7.23,13.77,1110.0,0.2
13.41,4.88,26.5,73.88,57.59,15.09,27.06,5.44,24.65,17.18,12.09,18.88,76.74,2018.0,5.62,13.03,1246.0,0.71
15.21,4.03,26.48,70.48,55.55,20.38,26.07,7.86,21.93,16.21,10.0,17.03,76.21,2018.0,5.97,13.9,1430.0,0.66
12.82,2.14,23.89,73.75,60.11,22.04,25.43,7.61,22.04,14.79,12.36,19.89,73.25,2018.0,7.71,12.75,1249.0,0.54
12.61,2.19,26.81,68.48,55.81,22.9,24.32,7.97,23.23,16.84,11.16,15.97,73.45,2018.0,4.48,12.87,1409.0,0.61
12.23,3.45,24.13,67.06,57.97,16.65,25.87,5.84,23.35,17.03,11.45,18.29,74.61,2018.0,6.71,15.1,1253.0,0.42
13.09,3.25,24.16,70.72,57.75,24.59,24.34,8.22,16.75,11.47,10.22,19.56,68.38,2018.0,5.53,11.88,1362.0,0.53
15.44,2.38,25.72,70.41,51.34,18.34,26.0,7.34,17.03,12.34,6.16,14.0,71.69,2018.0,6.66,12.38,1260.0,0.84
13.22,2.28,26.09,72.44,57.53,20.12,24.78,6.84,20.72,14.91,10.12,16.03,71.31,2018.0,6.59,13.06,1460.0,0.72
14.26,3.23,23.68,72.39,58.45,23.42,27.77,8.26,18.77,13.74,9.77,17.87,77.55,2018.0,7.58,11.52,1261.0,0.55
11.79,2.71,23.71,71.79,55.79,20.89,23.5,6.96,18.82,13.61,9.43,19.54,67.57,2018.0,5.82,14.57,1108.0,0.25
15.75,3.62,23.22,70.09,59.78,26.66,28.31,11.06,16.97,13.5,9.0,19.09,81.19,2018.0,6.16,12.06,1266.0,0.59
13.9,3.93,21.67,67.7,55.47,26.33,25.07,9.83,16.13,11.73,6.7,15.1,71.7,2018.0,6.8,10.93,1291.0,0.53
16.97,5.94,27.73,73.97,61.97,28.27,28.97,10.06,20.36,15.61,8.03,17.36,83.61,2018.0,6.58,13.15,1267.0,0.7
11.62,3.21,24.72,65.24,56.69,20.45,24.93,6.59,13.66,9.9,9.66,18.55,66.34,2018.0,6.24,14.69,1404.0,0.28
14.0,4.23,26.29,63.81,53.06,19.13,25.32,7.03,20.13,15.29,9.48,16.03,72.97,2018.0,4.23,13.65,1268.0,0.58
13.0,2.94,24.42,68.97,58.13,23.71,24.0,7.65,18.61,12.23,11.45,20.26,67.87,2018.0,7.87,13.94,1392.0,0.39
15.3,2.97,23.76,70.52,58.12,22.18,26.09,8.88,14.58,10.88,9.09,18.03,71.94,2018.0,4.82,12.82,1269.0,0.39
14.45,2.69,22.31,69.52,57.07,20.62,26.21,7.1,22.38,15.79,9.17,17.93,75.31,2018.0,7.07,13.45,1262.0,0.38
13.32,3.97,24.87,71.42,59.13,21.58,27.45,7.84,17.23,11.42,9.97,16.32,74.16,2018.0,6.55,11.32,1274.0,0.71
11.9,2.66,25.66,68.86,56.45,20.07,24.31,6.83,15.79,11.59,8.76,18.45,67.03,2018.0,5.24,13.93,1205.0,0.38
12.39,2.39,25.9,73.58,58.23,25.74,24.65,8.48,15.97,10.94,9.74,17.13,68.71,2018.0,7.52,13.58,1275.0,0.45
13.52,2.39,22.1,70.23,54.19,25.39,22.32,7.32,14.58,10.32,6.42,15.84,62.29,2018.0,9.13,12.45,1200.0,0.29
19.33,7.36,29.79,67.97,56.73,20.33,28.58,8.39,20.55,15.42,11.06,18.06,80.97,2018.0,4.09,13.18,1277.0,0.88
14.37,3.63,25.07,65.47,61.77,27.53,27.93,10.33,17.07,13.07,9.03,15.27,79.27,2018.0,4.9,14.57,1316.0,0.37
14.59,5.09,26.56,63.97,61.59,19.69,26.56,6.81,21.62,15.22,11.59,15.47,75.16,2018.0,5.66,11.03,1278.0,0.47
13.61,2.54,22.36,65.0,64.54,29.79,27.29,10.14,13.93,10.18,10.61,17.93,74.89,2018.0,5.71,11.57,1367.0,0.11
14.62,4.09,25.59,70.84,62.47,24.62,26.28,7.84,21.09,15.41,12.34,19.03,75.81,2018.0,6.25,11.41,1279.0,0.38
17.55,4.32,26.29,73.39,60.58,23.81,27.9,8.52,23.32,17.68,12.52,18.65,82.0,2018.0,7.26,13.13,1418.0,0.81
13.0,5.28,25.16,74.25,57.81,21.75,26.84,6.66,18.62,12.72,10.62,17.09,73.06,2018.0,6.69,13.31,1280.0,0.66
10.1,4.19,23.77,69.97,59.29,20.58,24.23,6.74,20.87,13.48,12.71,20.9,68.68,2018.0,5.45,14.1,1106.0,0.26
13.68,4.16,26.94,71.03,53.48,24.35,24.35,9.55,20.42,15.23,9.77,17.9,73.48,2018.0,5.1,14.03,1281.0,0.61
13.65,4.16,25.77,70.94,60.32,21.06,26.35,7.55,17.97,12.58,10.9,16.39,72.84,2018.0,4.81,11.9,1235.0,0.42
12.72,3.91,26.56,67.34,58.97,21.47,25.56,7.06,16.09,11.59,11.78,17.62,69.78,2018.0,4.5,11.56,1283.0,0.53
13.39,3.73,26.15,74.79,56.82,15.27,28.15,5.48,23.27,16.45,9.3,14.73,78.24,2018.0,7.15,11.82,1443.0,0.7
12.87,2.35,27.06,67.87,55.42,18.52,25.39,7.19,24.45,17.39,8.9,21.77,75.35,2018.0,6.35,15.29,1284.0,0.35
14.47,4.44,27.5,68.88,58.68,23.06,27.71,7.91,24.82,17.82,9.35,18.59,81.15,2018.0,5.62,12.62,1137.0,0.74
11.93,2.03,24.43,69.6,59.73,22.7,24.73,7.67,23.27,17.1,11.1,20.1,74.23,2018.0,5.4,12.37,1286.0,0.37
12.69,2.69,23.86,62.38,61.41,22.52,27.48,8.07,16.76,11.93,8.93,16.38,74.97,2018.0,5.28,13.28,1303.0,0.24
16.0,3.17,26.59,69.72,58.21,23.0,27.69,7.97,18.24,13.31,9.1,18.34,76.66,2018.0,7.07,12.31,1297.0,0.69
14.47,4.34,26.53,72.88,56.62,20.69,26.88,7.19,18.75,13.38,9.88,18.44,74.31,2018.0,7.25,13.62,1190.0,0.72
13.45,1.26,23.81,65.87,53.84,19.19,23.58,6.19,19.48,14.03,10.58,17.52,67.39,2018.0,6.32,14.19,1298.0,0.61
12.44,3.5,23.75,67.56,52.28,24.84,21.19,8.06,16.69,11.59,7.72,17.38,62.03,2018.0,4.31,13.84,1338.0,0.25
16.16,3.81,23.5,68.22,62.28,21.16,29.28,7.88,21.12,14.78,12.19,18.16,81.22,2018.0,7.5,12.19,1301.0,0.66
11.61,2.82,24.43,72.25,56.96,23.54,22.21,7.61,15.79,11.64,9.46,17.86,63.68,2018.0,7.14,14.96,1440.0,0.25
16.44,4.09,26.56,69.68,60.47,24.41,28.32,9.71,22.41,16.74,9.47,17.26,83.09,2018.0,6.26,9.94,1305.0,0.79
14.66,2.41,26.28,72.45,56.48,22.1,26.34,9.07,17.17,12.59,9.93,17.72,74.34,2018.0,4.17,13.17,1225.0,0.69
12.06,4.41,26.97,66.28,64.06,23.03,28.69,8.41,24.78,18.06,11.94,17.81,83.84,2018.0,5.03,11.25,1310.0,0.59
14.22,3.59,25.22,72.94,57.84,19.47,26.38,7.75,23.09,17.41,10.34,20.03,77.91,2018.0,6.94,11.47,1382.0,0.78
13.54,3.68,25.57,72.82,60.75,21.54,27.75,7.5,22.64,16.36,11.11,22.68,79.36,2018.0,8.96,15.46,1311.0,0.61
14.43,3.2,25.23,64.37,62.3,19.7,24.73,5.97,25.83,19.03,11.6,22.3,74.47,2018.0,7.7,13.53,1410.0,0.43
18.23,4.26,28.43,73.31,65.11,22.74,29.94,8.29,18.63,13.8,14.06,15.71,81.97,2018.0,5.66,12.03,1314.0,0.71
10.73,2.4,25.57,70.23,53.13,21.07,22.23,7.07,16.63,11.93,8.23,15.3,63.47,2018.0,4.87,11.2,1320.0,0.47
12.53,1.7,23.37,74.03,58.53,21.3,26.6,7.47,20.77,14.87,6.87,19.1,75.53,2018.0,7.77,13.03,1315.0,0.33
13.1,3.61,26.16,72.29,57.9,26.23,25.35,8.84,19.48,14.29,9.42,17.45,73.84,2018.0,4.97,12.65,1407.0,0.45
15.81,2.47,24.72,72.16,53.59,24.31,25.94,9.06,18.81,13.72,7.72,17.62,74.66,2018.0,6.53,13.62,1318.0,0.69
13.27,3.2,23.63,71.7,55.43,19.4,25.63,7.23,18.2,11.6,9.43,17.07,70.1,2018.0,7.43,13.8,1131.0,0.47
13.74,4.23,22.97,65.9,56.58,22.23,24.06,7.87,16.48,12.32,9.94,18.81,68.32,2018.0,4.81,11.71,1321.0,0.45
11.2,2.97,23.53,71.53,58.47,16.07,25.43,5.03,19.47,12.67,10.6,20.07,68.57,2018.0,6.97,13.3,1259.0,0.27
16.76,5.15,26.55,68.3,59.58,23.7,26.79,8.33,21.12,16.27,9.91,16.36,78.18,2018.0,6.06,13.18,1324.0,0.58
13.96,3.39,24.71,65.04,62.11,27.93,27.5,10.29,19.82,14.11,9.64,16.75,79.39,2018.0,7.75,11.71,1236.0,0.5
14.75,4.0,26.91,64.56,57.56,19.12,27.94,6.75,18.16,13.19,9.72,17.44,75.81,2018.0,6.03,11.81,1326.0,0.75
11.58,2.73,23.85,67.76,58.55,22.09,24.06,7.33,20.09,13.39,11.88,20.09,68.85,2018.0,7.76,14.85,1352.0,0.48
14.21,4.03,24.48,72.06,61.3,23.73,26.82,8.21,19.12,14.58,12.58,19.24,76.42,2018.0,6.61,13.33,1329.0,0.58
13.9,2.19,23.48,69.81,56.71,16.81,25.23,5.74,19.94,14.0,9.77,17.97,70.19,2018.0,4.74,11.68,1337.0,0.16
15.09,4.34,26.16,71.5,59.0,19.97,26.38,7.12,19.47,13.47,11.72,15.91,73.34,2018.0,7.47,10.41,1330.0,0.78
11.6,4.27,25.57,68.57,59.2,17.93,27.4,6.33,20.97,14.43,12.17,20.1,75.57,2018.0,6.5,12.73,1406.0,0.53
15.21,4.32,24.76,72.35,60.15,25.56,27.18,9.0,18.18,13.88,10.44,19.82,77.24,2018.0,6.82,11.88,1332.0,0.65
10.56,2.56,25.25,65.91,57.0,27.16,20.53,8.28,15.53,11.44,8.53,20.34,60.78,2018.0,5.38,14.44,1164.0,0.16
14.84,3.62,24.56,72.06,55.59,18.22,25.94,6.0,21.5,15.22,10.38,20.06,73.09,2018.0,6.62,13.25,1333.0,0.5
11.63,3.0,25.2,77.1,58.77,22.0,25.67,7.93,21.1,15.53,8.07,21.97,74.8,2018.0,4.77,12.77,1381.0,0.37
13.68,5.18,24.85,67.65,59.09,19.32,27.21,7.41,18.38,12.79,10.82,17.62,74.62,2018.0,7.41,12.09,1336.0,0.62
13.25,3.82,24.93,71.0,54.64,23.43,25.18,8.82,18.61,14.18,6.79,17.18,73.36,2018.0,6.36,12.11,1144.0,0.46
13.76,3.76,25.21,71.97,58.09,19.15,25.65,6.38,22.79,16.03,10.71,17.68,73.71,2018.0,6.85,12.47,1344.0,0.62
12.75,2.54,23.25,70.32,65.07,22.11,26.32,7.25,23.07,14.32,14.82,20.25,74.21,2018.0,6.36,14.25,1223.0,0.11
16.71,5.03,26.59,67.53,56.71,22.82,28.18,9.59,20.47,15.21,8.44,15.53,81.15,2018.0,5.82,10.68,1345.0,0.82
12.43,2.73,23.33,68.17,58.63,21.8,24.47,7.07,19.33,13.67,10.8,21.5,69.67,2018.0,4.8,13.63,1188.0,0.3
15.28,3.47,23.12,74.84,61.12,19.47,28.09,6.81,18.66,13.19,11.28,19.06,76.19,2018.0,7.5,10.75,1348.0,0.78
14.9,3.13,25.0,70.74,55.26,20.23,26.19,7.9,17.48,12.94,7.65,18.55,73.23,2018.0,7.03,13.52,1421.0,0.61
14.26,3.39,26.32,66.48,62.19,21.16,28.94,7.65,26.71,16.23,13.1,19.81,81.74,2018.0,7.58,13.29,1351.0,0.71
14.8,3.3,27.97,74.07,63.17,18.43,28.2,6.0,21.37,16.47,10.8,20.13,78.87,2018.0,5.43,12.77,1214.0,0.5
12.8,2.23,29.5,68.23,61.17,26.63,28.1,10.43,21.9,16.73,8.9,16.43,83.37,2018.0,4.87,10.1,1355.0,0.8
11.85,3.79,28.85,70.97,58.3,18.67,24.97,6.15,16.45,11.7,11.67,20.97,67.79,2018.0,4.88,14.09,1414.0,0.48
14.09,3.44,24.0,71.03,55.12,18.22,25.5,6.5,17.88,12.47,8.5,17.94,69.97,2018.0,7.56,12.69,1356.0,0.59
13.86,4.75,26.14,74.43,56.64,24.64,26.5,8.96,20.29,14.71,8.75,17.43,76.68,2018.0,6.43,14.07,1457.0,0.57
15.81,3.5,26.0,69.06,60.97,20.0,28.56,7.28,21.06,14.59,12.19,17.75,79.0,2018.0,6.28,12.81,1371.0,0.66
12.69,3.0,22.9,72.69,59.59,19.93,26.31,6.76,18.34,13.31,10.83,18.31,72.69,2018.0,6.52,13.66,1192.0,0.38
14.36,3.0,22.55,69.36,55.61,22.45,24.67,8.52,16.97,11.64,11.06,16.27,69.48,2018.0,7.39,11.61,1374.0,0.52
14.87,2.55,24.35,72.23,58.45,25.77,25.61,9.84,17.58,11.42,9.71,16.52,72.48,2018.0,7.39,11.68,1420.0,0.68
12.78,3.16,24.19,72.34,57.22,21.47,22.81,7.25,24.41,17.09,12.5,20.06,69.97,2018.0,5.53,13.81,1376.0,0.5
14.17,2.6,23.57,74.7,55.13,24.9,25.23,9.93,15.8,12.3,7.97,17.5,72.7,2018.0,6.27,12.33,1459.0,0.6
11.84,2.38,23.62,67.5,52.81,17.91,22.09,6.47,17.5,12.66,9.66,17.06,63.31,2018.0,5.09,14.03,1378.0,0.31
11.57,3.96,26.54,74.57,61.14,17.39,24.04,5.54,17.71,13.07,11.39,18.43,66.68,2018.0,5.25,12.89,1194.0,0.32
12.78,5.19,24.66,71.62,60.44,21.38,26.19,7.12,18.38,13.66,8.69,18.78,73.16,2018.0,8.47,11.91,1385.0,0.47
13.71,3.25,22.11,75.0,53.79,13.46,23.64,4.68,22.71,15.29,11.39,19.18,67.25,2018.0,7.04,15.29,1309.0,0.43
11.72,4.41,24.09,72.25,52.81,17.47,22.06,5.59,24.19,15.78,11.88,18.34,65.5,2018.0,5.91,12.66,1387.0,0.5
12.7,3.53,26.8,69.8,57.43,24.43,24.67,9.07,19.93,14.63,10.6,20.6,73.03,2018.0,4.47,13.77,1370.0,0.57
13.48,3.52,27.39,69.24,56.91,18.03,26.39,6.76,23.76,16.33,10.97,18.12,75.88,2018.0,5.24,14.85,1390.0,0.55
11.83,3.93,23.45,69.9,58.41,24.21,22.86,8.69,15.59,12.24,9.03,18.66,66.66,2018.0,4.76,11.93,1142.0,0.24
10.97,5.58,25.33,71.73,54.42,18.18,22.76,5.85,21.85,16.18,12.09,16.3,67.55,2018.0,7.24,12.58,1393.0,0.61
15.78,3.22,25.63,72.81,57.56,22.59,26.44,7.56,20.22,14.78,8.37,17.78,75.22,2018.0,5.07,13.33,1165.0,0.41
18.78,3.59,25.19,69.88,60.16,21.16,30.0,8.47,20.53,14.53,11.25,16.91,83.0,2018.0,6.59,12.69,1395.0,0.66
13.21,1.18,24.36,76.07,57.82,25.61,24.18,9.21,14.04,10.07,8.82,16.96,67.64,2018.0,5.93,11.82,1419.0,0.46
15.82,4.48,24.48,75.88,57.48,20.45,25.24,7.85,21.0,15.88,11.67,19.58,74.21,2018.0,6.3,12.21,1397.0,0.76
10.93,1.97,21.66,68.38,53.79,23.93,22.24,8.28,15.07,10.55,8.52,14.69,63.31,2018.0,5.1,12.17,1342.0,0.28
11.58,4.97,25.21,72.39,58.88,22.48,25.79,7.09,19.55,13.06,10.58,16.12,71.73,2018.0,6.21,11.85,1400.0,0.58
8.8,4.08,22.12,73.28,57.24,14.56,23.28,4.12,19.0,11.12,12.44,19.68,61.8,2018.0,6.0,17.6,1322.0,0.08
14.42,4.27,24.94,72.39,56.36,19.21,26.15,7.03,22.7,15.91,11.0,18.15,75.24,2018.0,7.39,12.55,1403.0,0.73
12.03,3.57,26.77,70.43,55.73,24.57,22.97,7.93,21.0,14.73,9.33,19.27,68.6,2018.0,5.23,14.9,1375.0,0.4
15.58,4.06,24.9,69.55,57.39,21.39,25.81,7.48,19.77,14.1,9.55,18.03,73.19,2018.0,5.0,13.19,1408.0,0.45
12.33,3.15,27.03,69.88,58.36,22.7,26.58,7.91,22.45,15.64,10.52,19.64,76.7,2018.0,5.58,14.12,1254.0,0.52
16.87,3.65,27.61,73.0,58.45,19.55,28.58,6.81,16.55,12.32,9.87,14.94,76.29,2018.0,5.1,13.23,1412.0,0.58
12.24,3.55,25.14,67.28,59.83,17.55,26.41,5.79,17.97,11.79,9.52,16.48,70.41,2018.0,5.93,13.97,1239.0,0.38
12.31,2.83,24.52,71.9,56.66,19.07,22.55,5.97,18.34,13.0,9.76,20.0,64.07,2018.0,5.79,13.9,1415.0,0.24
9.9,4.81,22.35,69.77,58.74,16.13,23.84,4.61,22.39,15.26,13.26,20.26,67.55,2018.0,6.87,14.77,1143.0,0.26
10.59,3.47,25.09,71.62,50.84,16.81,21.56,5.53,21.94,14.06,9.53,15.25,62.72,2018.0,5.28,13.47,1416.0,0.59
13.93,1.33,24.73,70.7,53.87,21.8,25.3,8.3,19.57,14.97,9.6,17.4,73.87,2018.0,5.13,12.33,1273.0,0.53
15.68,4.18,24.44,72.91,59.82,21.68,28.03,8.12,17.85,12.88,10.09,15.94,77.06,2018.0,6.38,10.56,1425.0,0.68
12.38,3.34,25.59,77.07,52.66,14.97,24.83,5.14,24.24,17.86,8.31,18.24,72.66,2018.0,6.41,14.48,1168.0,0.62
15.43,3.53,25.8,68.83,54.63,24.93,24.93,9.13,19.07,14.5,7.87,16.8,73.5,2018.0,5.27,12.0,1428.0,0.63
12.61,3.09,22.76,72.03,59.79,22.03,25.7,7.12,23.45,15.7,11.82,22.12,74.21,2018.0,7.52,13.45,1341.0,0.45
15.45,2.82,26.09,70.33,61.0,23.58,27.91,8.3,17.15,11.85,10.36,17.0,75.97,2018.0,6.36,13.52,1433.0,0.55
10.83,3.53,26.43,69.0,59.6,15.03,24.73,4.9,24.27,17.17,12.23,21.67,71.53,2018.0,7.67,15.53,1212.0,0.53
12.25,3.38,23.84,70.22,55.47,25.59,24.22,9.03,20.06,14.91,9.75,19.81,72.38,2018.0,4.81,11.84,1435.0,0.38
12.5,2.87,21.77,71.7,57.83,17.2,25.83,6.13,20.97,13.93,12.47,20.03,71.73,2018.0,5.97,14.07,1122.0,0.53
16.68,3.97,26.21,73.53,61.53,28.68,31.03,11.41,17.62,13.59,9.38,15.85,87.06,2018.0,6.68,10.35,1437.0,0.88
13.92,3.42,24.88,68.77,61.81,26.5,27.46,9.85,15.12,11.19,9.92,18.88,75.96,2018.0,6.5,12.73,1162.0,0.27
13.73,3.73,24.27,72.79,54.18,18.88,25.0,7.36,13.42,10.18,8.39,14.06,67.55,2018.0,6.79,8.58,1438.0,0.94
13.94,3.84,24.81,76.35,58.9,27.06,25.81,9.61,15.55,10.9,11.77,18.61,72.13,2018.0,7.39,13.39,1422.0,0.77
16.5,2.28,25.62,69.09,56.59,22.72,28.16,8.75,20.66,14.66,7.38,15.69,79.72,2018.0,5.75,11.94,1439.0,0.66
12.67,2.5,23.97,69.33,62.33,25.2,26.4,8.4,19.4,14.8,10.23,20.2,76.0,2018.0,6.03,13.63,1178.0,0.2
11.59,5.06,23.31,69.09,57.75,19.5,26.28,6.66,21.41,15.06,9.78,18.75,74.28,2018.0,7.97,13.38,1449.0,0.62
16.03,2.48,26.52,66.73,56.15,30.45,27.3,11.45,15.67,11.58,7.82,16.09,77.64,2018.0,4.88,12.42,1125.0,0.73
13.29,3.86,26.75,74.5,54.82,21.29,26.36,8.75,19.25,14.64,5.96,17.57,76.11,2018.0,4.82,12.29,1451.0,0.61
13.67,2.0,24.55,70.27,55.88,25.58,25.12,9.21,18.58,13.06,8.52,18.3,72.52,2018.0,4.94,13.0,1429.0,0.48
18.53,3.94,28.34,72.34,60.75,23.69,29.06,9.12,21.34,15.75,12.16,17.59,83.0,2018.0,4.69,11.56,1455.0,0.78
10.45,2.59,22.86,65.93,56.76,26.24,22.72,8.79,19.55,13.97,7.86,21.66,68.21,2018.0,5.69,13.03,1282.0,0.28
12.45,3.55,21.48,67.21,53.64,19.52,24.03,6.55,17.52,12.24,9.06,16.45,66.85,2018.0,5.45,10.7,1458.0,0.45
10.23,2.27,22.63,68.07,60.87,19.03,25.33,6.2,21.8,15.2,11.43,19.0,72.07,2018.0,5.27,13.53,1354.0,0.27
15.59,3.84,27.53,72.09,59.28,26.62,26.31,9.09,24.41,17.97,7.12,20.03,79.69,2018.0,6.56,13.59,1461.0,0.59
12.13,2.16,22.61,71.65,54.29,23.26,23.16,8.1,18.77,13.32,9.19,15.42,67.74,2018.0,5.13,14.1,1151.0,0.26
16.64,2.94,28.61,68.82,58.85,21.18,28.88,7.82,23.67,18.7,9.79,16.94,84.27,2018.0,5.85,12.42,1462.0,0.85
11.3,2.74,23.19,67.85,56.3,21.63,23.7,6.89,20.67,14.41,11.22,21.07,68.7,2018.0,5.81,15.59,1287.0,0.22
12.94,2.39,23.48,75.84,57.06,26.65,24.68,9.45,17.94,12.48,9.58,20.03,71.29,2018.0,5.97,13.84,1103.0,0.42
12.91,2.47,22.79,73.65,55.76,24.24,24.12,8.24,16.41,11.56,7.56,17.06,68.03,2018.0,6.24,13.12,1156.0,0.32
13.25,4.0,24.66,68.59,53.72,18.41,23.0,6.56,20.28,14.44,10.59,18.97,67.0,2018.0,6.38,13.22,1133.0,0.59
12.43,3.21,21.64,71.04,57.11,20.11,23.86,7.14,18.79,12.46,11.64,18.71,67.32,2018.0,6.75,14.07,1237.0,0.32
16.76,4.33,26.82,75.12,64.79,25.91,30.7,9.64,19.64,13.67,12.03,21.15,84.7,2018.0,6.21,12.39,1138.0,0.76
16.94,2.91,23.41,66.97,58.78,26.41,27.44,9.28,17.03,12.12,10.22,18.84,76.28,2018.0,6.81,13.19,1145.0,0.66
15.29,3.76,25.71,69.82,53.79,18.29,26.03,6.44,20.62,15.53,6.82,16.82,74.03,2018.0,6.41,11.56,1140.0,0.71
10.22,1.75,23.22,69.56,61.84,17.75,23.69,5.34,17.97,12.12,12.34,20.56,64.84,2018.0,5.81,13.19,1290.0,0.12
11.94,4.38,23.81,70.34,58.56,23.28,25.03,8.16,20.72,14.19,12.09,18.75,72.41,2018.0,5.81,11.97,1182.0,0.5
11.24,2.52,22.41,69.1,59.86,25.24,24.79,8.72,18.21,13.0,9.83,21.55,71.31,2018.0,7.03,12.62,1383.0,0.38
14.76,2.88,25.82,73.73,60.88,27.06,26.7,9.18,18.82,13.36,9.06,20.09,75.94,2018.0,6.39,12.76,1193.0,0.52
15.0,2.81,28.52,72.23,58.97,24.58,27.0,8.55,19.84,13.16,8.74,17.48,75.71,2018.0,5.84,12.0,1335.0,0.74
14.77,2.71,27.16,67.9,59.9,19.1,29.71,7.13,20.06,14.94,10.45,18.58,81.48,2018.0,7.03,14.19,1195.0,0.65
14.0,4.03,25.72,71.12,57.91,26.69,24.38,8.97,19.59,13.47,9.62,20.62,71.19,2018.0,6.53,13.41,1229.0,0.53
11.55,3.55,24.15,75.12,59.91,22.91,25.42,7.42,19.42,14.21,11.33,18.91,72.48,2018.0,5.91,13.21,1245.0,0.48
13.2,3.73,21.6,69.73,64.37,21.97,27.0,7.3,18.27,11.53,13.8,21.13,72.83,2018.0,7.27,14.23,1464.0,0.2
12.81,2.81,25.97,68.0,59.53,22.19,25.53,7.31,18.47,14.53,9.16,17.09,72.91,2018.0,5.91,11.69,1247.0,0.41
11.81,3.19,23.72,71.94,55.16,23.44,23.16,7.91,15.06,10.94,9.12,18.81,65.16,2018.0,6.59,13.06,1389.0,0.44
14.03,1.79,26.76,68.62,61.41,24.0,27.62,9.76,15.86,12.28,8.9,18.48,77.28,2018.0,5.97,12.66,1250.0,0.52
11.9,2.48,26.03,67.9,55.16,25.87,24.55,9.03,19.74,14.1,7.52,17.68,72.23,2018.0,4.19,15.74,1265.0,0.19
14.59,3.09,24.68,70.38,57.24,24.71,26.65,8.97,17.32,11.38,8.65,15.71,73.65,2018.0,6.18,9.18,1276.0,0.79
13.62,5.59,25.5,63.97,57.53,20.25,24.91,7.06,22.09,15.84,10.78,17.12,72.72,2018.0,6.06,11.16,1304.0,0.69
11.9,4.21,23.31,72.0,55.59,20.21,22.93,7.14,17.9,12.34,10.69,16.62,65.34,2018.0,5.62,13.62,1183.0,0.34
14.36,3.48,25.55,73.64,58.79,23.3,26.09,8.48,18.61,14.12,10.55,12.94,74.79,2018.0,5.76,9.88,1323.0,0.58
15.0,3.03,25.06,69.39,61.74,20.19,26.42,6.26,18.13,12.84,12.35,17.84,71.94,2018.0,6.45,13.87,1177.0,0.35
14.43,3.33,27.7,71.5,61.0,21.43,27.1,7.97,18.83,13.47,8.33,16.47,75.63,2018.0,6.73,13.53,1325.0,0.43
10.97,1.58,22.94,67.97,54.71,19.39,21.71,5.87,17.19,11.13,10.81,16.32,60.42,2018.0,3.97,16.58,1105.0,0.1
14.8,3.43,23.23,74.7,67.57,25.3,29.17,8.43,22.67,15.93,14.5,22.47,82.7,2018.0,8.57,12.57,1340.0,0.57
11.52,3.9,23.97,70.86,53.34,20.17,23.14,7.72,18.48,12.69,6.24,18.55,66.69,2018.0,5.07,12.38,1339.0,0.24
12.24,2.61,24.61,69.94,56.48,27.06,23.85,9.18,20.91,14.76,10.0,17.15,71.64,2018.0,5.52,13.52,1346.0,0.36
13.08,3.19,23.23,75.04,53.81,20.38,23.96,7.35,17.65,12.54,7.81,15.88,67.81,2018.0,5.54,13.62,1171.0,0.23
14.8,3.6,25.8,71.53,58.57,21.13,27.0,8.1,18.73,13.13,9.93,16.93,75.23,2018.0,4.77,10.13,1364.0,0.7
12.52,2.28,26.28,68.48,55.41,24.52,25.24,9.03,16.86,12.72,7.45,17.79,72.24,2018.0,4.31,12.66,1295.0,0.41
13.57,2.97,23.77,78.9,58.0,18.8,27.43,7.03,23.2,16.27,11.27,21.83,78.17,2018.0,9.5,15.17,1372.0,0.8
9.47,3.03,24.1,72.17,52.4,20.5,21.07,6.47,18.5,12.6,7.8,17.6,61.2,2018.0,6.33,15.9,1255.0,0.13
15.61,2.76,25.58,67.58,54.52,19.12,28.03,7.73,17.0,13.18,7.91,15.58,76.97,2018.0,4.33,9.73,1388.0,0.85
13.04,2.25,24.43,70.39,58.68,21.5,27.36,7.93,19.64,15.21,8.68,15.96,77.86,2018.0,6.5,11.75,1384.0,0.57
15.47,5.91,28.78,70.69,60.66,20.12,27.72,6.59,19.44,12.97,12.56,16.75,75.0,2018.0,5.59,13.56,1401.0,0.62
15.06,5.26,23.88,73.32,64.0,24.91,27.76,8.79,19.97,15.29,14.0,21.38,79.62,2018.0,8.03,11.32,1452.0,0.71
15.67,3.91,27.3,76.0,57.39,23.91,26.91,9.7,21.3,15.73,9.36,16.12,79.24,2018.0,3.61,11.58,1405.0,0.67
13.97,2.84,28.5,73.28,61.03,23.66,25.81,7.97,21.09,14.5,9.03,15.53,74.09,2018.0,6.34,9.97,1386.0,0.5
15.06,3.91,28.47,70.22,61.38,24.47,28.31,9.38,22.03,15.91,10.31,17.94,81.91,2018.0,5.72,11.84,1417.0,0.66
12.78,5.34,23.44,72.38,55.31,15.31,23.53,4.88,19.25,13.72,10.44,16.66,65.66,2018.0,6.91,12.84,1210.0,0.41
16.21,4.42,28.52,71.21,60.61,16.79,29.64,5.61,26.3,18.55,11.97,17.58,83.42,2018.0,5.58,14.33,1424.0,0.61
15.97,4.06,27.82,72.55,60.33,24.09,27.27,8.79,21.0,14.45,11.15,18.36,77.79,2018.0,6.73,14.88,1426.0,0.61
13.9,2.37,19.97,71.3,58.43,18.73,25.63,6.5,18.93,13.53,12.07,19.87,71.3,2018.0,7.07,13.0,1258.0,0.33
13.33,3.7,25.13,75.1,58.8,23.0,25.4,8.43,20.4,14.33,12.97,22.3,73.57,2018.0,6.23,13.63,1447.0,0.7
12.86,2.82,23.68,66.21,59.5,21.32,25.89,7.54,19.57,13.29,10.96,18.71,72.61,2018.0,7.89,13.11,1312.0,0.43
13.9,2.62,22.69,72.79,56.1,24.41,22.76,7.93,17.93,13.24,9.83,18.14,66.69,2018.0,6.45,12.76,1102.0,0.34
12.81,2.65,22.97,70.71,52.9,19.71,22.58,6.52,19.23,13.0,10.65,16.48,64.68,2018.0,4.94,13.58,1402.0,0.42
13.13,2.13,28.4,68.6,59.17,24.8,27.37,9.4,18.07,13.33,9.87,17.73,77.47,2018.0,5.53,13.4,1129.0,0.73
12.57,3.14,24.5,68.29,57.11,26.43,25.82,9.86,14.93,10.64,7.36,17.57,72.14,2018.0,4.5,11.21,1343.0,0.43
14.88,2.31,25.34,75.38,56.62,20.31,26.0,6.12,21.53,15.38,9.62,18.0,73.5,2018.0,5.78,13.88,1299.0,0.56
12.93,3.1,24.27,69.63,57.43,19.9,24.7,6.07,16.47,10.97,9.73,17.67,66.43,2018.0,4.93,14.37,1187.0,0.33
17.4,3.67,27.47,70.2,58.77,20.6,26.67,7.53,22.53,17.47,10.9,17.7,78.33,2018.0,5.47,15.27,1207.0,0.5
12.83,3.8,26.03,73.8,55.7,23.03,24.03,8.17,15.3,12.07,8.67,17.77,68.3,2018.0,5.1,13.63,1217.0,0.57
13.15,2.55,25.36,72.52,50.91,18.45,24.94,7.45,21.79,16.39,7.58,15.21,73.73,2018.0,3.76,11.03,1436.0,0.79
14.93,2.9,27.52,70.28,60.48,23.52,27.52,7.76,24.93,18.07,10.14,20.28,80.86,2018.0,6.31,15.62,1252.0,0.69
13.61,6.18,26.82,73.42,59.73,20.94,27.18,7.76,19.12,14.09,10.09,16.45,76.21,2018.0,7.0,11.85,1257.0,0.61
10.4,1.67,22.17,67.37,57.17,21.97,21.63,6.03,16.97,11.47,10.87,16.83,60.77,2018.0,4.5,13.03,1271.0,0.17
11.88,2.91,23.0,73.44,54.84,21.81,23.28,7.66,17.34,12.72,10.81,16.75,66.94,2018.0,6.31,12.0,1347.0,0.62
15.06,4.71,27.87,72.23,64.29,26.32,29.84,9.55,21.29,15.94,10.39,17.23,85.16,2018.0,6.58,13.39,1328.0,0.58
9.58,4.06,25.0,69.48,60.03,14.64,24.03,4.33,18.27,11.91,13.06,17.3,64.3,2018.0,6.85,11.58,1353.0,0.42
13.4,3.83,25.23,67.8,51.5,23.33,22.73,8.37,20.83,14.87,7.1,21.13,68.7,2018.0,5.23,12.97,1360.0,0.57
12.24,2.24,26.17,71.62,53.52,16.1,23.14,5.83,18.34,12.62,9.1,19.1,64.72,2018.0,4.31,16.38,1363.0,0.1
11.94,3.94,23.42,66.58,55.45,14.13,24.61,4.61,22.48,16.32,10.45,18.13,70.16,2018.0,6.13,11.55,1334.0,0.42
13.79,2.64,24.68,66.54,63.68,22.14,27.5,7.29,15.89,10.86,8.89,18.89,73.14,2018.0,7.11,10.93,1391.0,0.29
11.55,3.17,26.1,73.72,60.1,19.38,25.31,6.07,21.93,13.52,10.21,18.28,70.21,2018.0,7.41,11.21,1198.0,0.38
14.25,2.14,25.93,67.32,55.79,17.64,25.75,6.96,18.32,12.79,10.11,18.96,71.25,2018.0,4.07,15.11,1176.0,0.46
15.41,2.93,24.62,74.48,65.66,35.0,26.38,11.69,21.45,15.0,11.69,18.55,79.45,2018.0,8.34,14.76,1154.0,0.28
12.5,3.0,25.78,73.91,56.84,23.31,26.5,9.0,16.06,12.31,7.0,19.06,74.31,2018.0,5.19,11.72,1186.0,0.56
14.52,2.29,24.16,70.81,57.9,29.19,25.84,11.0,14.32,10.55,8.32,17.16,73.23,2018.0,5.29,13.58,1450.0,0.39
13.89,3.63,23.22,70.96,56.48,19.96,25.52,6.48,18.67,13.15,9.04,21.04,70.67,2018.0,7.15,14.41,1101.0,0.44
10.81,2.92,24.19,76.54,54.54,15.31,23.58,5.27,20.19,14.62,9.77,21.31,67.04,2018.0,6.31,16.23,1394.0,0.31
12.5,2.92,24.92,71.35,59.73,21.42,25.5,6.88,24.12,18.04,11.0,20.85,75.92,2018.0,6.38,13.62,1135.0,0.38
10.6,2.53,22.53,68.63,55.2,18.3,23.07,6.07,15.73,10.97,10.1,17.6,63.17,2018.0,5.53,15.4,1175.0,0.07
12.97,4.72,24.34,71.22,60.53,24.31,26.28,9.12,20.0,14.38,10.78,17.25,76.06,2018.0,6.91,9.81,1196.0,0.62
12.43,3.27,24.67,69.8,55.67,17.0,27.0,6.63,21.4,15.03,8.6,19.73,75.67,2018.0,6.43,12.0,1201.0,0.63
11.68,2.5,22.61,69.5,56.04,16.89,23.82,5.86,15.86,11.29,8.0,17.82,64.79,2018.0,4.86,12.32,1169.0,0.14
12.41,2.7,24.11,68.59,54.96,20.22,22.56,6.04,19.11,13.07,10.85,20.81,64.22,2018.0,5.63,13.89,1167.0,0.33
15.12,5.0,26.19,69.5,57.88,17.38,26.47,5.56,17.25,12.09,11.38,17.53,70.59,2018.0,5.97,12.88,1240.0,0.62
13.9,3.84,24.61,72.84,56.52,22.97,24.58,8.42,20.61,15.0,9.55,17.26,72.58,2018.0,5.61,12.29,1256.0,0.48
13.52,1.69,23.59,67.21,55.59,24.1,25.45,9.48,20.97,15.17,8.79,18.1,75.55,2018.0,5.55,12.59,1369.0,0.41
12.63,3.27,24.43,76.4,59.03,26.9,25.03,9.03,20.63,16.57,11.13,16.73,75.67,2018.0,5.97,12.07,1141.0,0.53
12.81,3.35,25.45,75.9,59.48,16.16,28.0,5.52,23.13,16.55,11.94,21.06,78.06,2018.0,7.77,12.35,1285.0,0.77
14.0,2.2,25.5,72.57,57.83,19.47,26.73,7.17,17.77,13.23,10.53,19.67,73.87,2018.0,6.13,12.57,1292.0,0.77
14.34,3.03,26.28,74.34,56.34,22.38,26.9,8.38,20.9,15.21,10.52,17.41,77.38,2018.0,6.59,11.72,1293.0,0.83
12.03,2.67,25.93,71.17,58.2,21.9,25.5,7.6,19.03,12.23,11.17,19.4,70.83,2018.0,4.63,13.6,1317.0,0.43
10.61,2.07,24.54,71.54,55.96,19.32,23.71,6.68,21.75,15.54,9.32,17.89,69.64,2018.0,5.5,14.86,1150.0,0.18
12.26,3.26,24.35,67.52,60.32,21.65,25.29,7.26,20.58,15.1,10.94,21.13,72.94,2018.0,6.94,11.71,1241.0,0.29
12.3,3.1,23.9,72.87,59.73,21.27,25.8,7.33,20.4,14.77,10.9,17.77,73.7,2018.0,6.47,10.83,1444.0,0.5
12.93,1.6,26.53,67.17,60.4,19.07,28.3,6.87,21.4,16.17,10.23,17.9,79.63,2018.0,6.8,11.37,1377.0,0.73
13.77,3.0,28.4,74.1,61.77,22.47,28.2,7.63,18.0,11.57,12.6,18.17,75.6,2018.0,5.53,12.27,1308.0,0.83
13.35,3.23,24.61,70.1,57.71,20.74,24.71,7.16,21.74,14.81,10.29,19.94,71.39,2018.0,7.35,14.23,1399.0,0.55
14.6,2.67,23.37,74.0,55.47,20.33,25.07,7.2,19.97,12.97,10.27,16.97,70.3,2018.0,6.33,13.43,1368.0,0.63
13.86,3.29,23.61,63.29,61.86,19.82,26.86,6.79,15.04,10.5,13.14,17.89,71.0,2018.0,5.18,13.11,1331.0,0.29
15.1,3.73,28.33,71.37,63.03,23.37,27.53,7.3,25.97,18.23,13.0,21.17,80.6,2018.0,6.13,15.87,1126.0,0.53
12.07,2.2,24.03,72.87,54.13,17.23,25.1,6.33,21.23,15.27,7.97,19.47,71.8,2018.0,6.87,13.1,1413.0,0.67
13.13,3.81,26.1,69.61,56.87,21.1,25.35,7.16,15.77,10.55,8.58,16.58,68.42,2018.0,6.06,12.29,1454.0,0.48
14.94,3.13,26.39,75.23,59.87,21.61,27.42,7.42,20.52,14.81,11.1,17.23,77.06,2018.0,6.16,11.97,1361.0,0.68
14.8,1.9,25.97,73.37,65.33,22.1,28.13,7.63,20.3,13.97,13.77,18.67,77.87,2018.0,5.03,12.83,1423.0,0.3
15.26,5.16,26.32,69.94,61.71,22.77,29.26,8.0,22.29,15.26,11.71,18.29,81.77,2018.0,6.71,13.0,1199.0,0.65
15.58,2.16,24.71,71.94,60.03,28.26,28.0,9.97,16.9,11.94,9.32,16.45,77.9,2018.0,7.87,11.61,1202.0,0.68
12.81,4.47,24.84,74.91,57.38,23.59,26.41,9.22,18.12,12.38,8.66,18.56,74.41,2018.0,7.16,11.47,1209.0,0.69
12.93,3.38,25.34,70.72,55.86,20.41,23.97,6.79,21.66,15.72,11.93,19.66,70.45,2018.0,5.28,15.28,1157.0,0.38
13.48,2.19,25.58,73.48,51.55,21.68,23.35,7.97,18.03,14.42,6.84,17.23,69.1,2018.0,5.39,12.03,1251.0,0.55
11.57,2.9,23.83,70.8,54.23,19.1,22.7,6.07,17.43,10.7,9.9,19.57,62.17,2018.0,4.63,14.67,1114.0,0.2
10.77,2.73,21.13,71.87,60.07,22.63,22.13,7.43,14.93,9.87,12.43,20.47,61.57,2018.0,6.77,11.4,1238.0,0.33
8.87,1.63,24.3,73.23,58.0,15.87,26.13,5.17,19.17,14.03,9.83,19.2,71.47,2018.0,6.33,11.77,1296.0,0.37
13.4,2.9,26.33,70.47,61.03,24.83,25.17,9.0,19.73,14.83,9.9,19.5,74.17,2018.0,6.43,13.8,1453.0,0.33
15.12,2.73,21.94,73.0,60.0,28.48,26.79,10.58,20.79,16.09,9.21,20.48,80.24,2018.0,6.94,12.24,1307.0,0.55
11.48,1.69,26.48,69.07,56.9,24.66,22.31,8.03,17.34,12.76,10.52,18.28,65.41,2018.0,2.97,11.52,1306.0,0.28
13.97,3.9,22.94,67.77,53.58,19.29,23.77,7.71,20.16,14.0,10.29,19.9,69.26,2018.0,6.0,15.55,1264.0,0.45
12.55,2.28,20.48,70.38,53.86,22.03,22.45,7.45,16.28,11.62,8.0,16.97,63.97,2018.0,5.48,11.17,1365.0,0.34
13.4,2.3,27.77,73.07,62.5,27.83,26.87,9.9,18.17,12.47,10.57,20.63,76.1,2018.0,6.17,12.57,1427.0,0.53
12.43,3.2,25.2,68.7,54.3,19.6,24.23,6.7,19.93,14.2,8.83,21.47,69.37,2018.0,7.07,14.73,1434.0,0.43
9.42,3.71,27.04,71.38,55.46,19.08,24.33,6.67,15.71,11.46,6.0,16.46,66.79,2018.0,4.21,13.04,1442.0,0.33
10.2,2.73,26.23,71.5,55.73,21.5,23.9,7.13,17.27,11.53,6.83,18.77,66.47,2018.0,4.1,12.33,1431.0,0.33
12.14,5.97,24.28,78.03,56.31,18.76,25.86,6.28,17.17,11.93,10.14,16.79,69.93,2018.0,8.07,12.62,1185.0,0.59
11.87,3.32,26.26,71.29,59.39,25.58,25.35,8.52,21.87,14.65,11.19,18.9,73.87,2018.0,5.45,13.52,1111.0,0.42
14.07,1.73,21.97,77.47,56.6,21.97,24.73,7.5,16.03,11.3,7.0,15.5,68.27,2018.0,6.63,9.8,1379.0,0.4
12.78,3.22,23.78,73.22,60.38,23.62,25.66,8.34,15.47,10.69,10.25,17.41,70.34,2018.0,6.69,10.81,1396.0,0.53
14.9,2.48,25.29,68.23,57.81,23.35,25.13,8.45,18.19,13.97,8.13,15.58,72.68,2018.0,5.74,12.0,1179.0,0.48
13.9,1.79,24.21,76.66,57.79,20.38,24.55,6.83,19.34,13.9,11.9,20.14,69.83,2018.0,5.66,12.97,1358.0,0.52
10.5,4.54,23.62,78.83,53.58,17.46,22.46,6.04,22.04,16.5,9.17,18.88,67.46,2018.0,5.25,16.58,1230.0,0.12
